Path,sp,sr,k,optimized_score,real_score
metal_dataset/train/Inclusion/In_71.bmp,44.69325103973679,41.96011140380435,18,10.53448275862069,1.3772151898734177
